timestamp,accelerometer_x,accelerometer_y,accelerometer_z,gyroscope_x,gyroscope_y,gyroscope_z
4.311999280005693,7.950579158748578e-36,-1.2949942857471343e-35,9.8100004196167,-1.158957843472308e-06,2.2671414967589953e-08,3.0163094244528565e-11
4.42569637671113,-9607.392578125,15648.5654296875,10.641468048095703,-1.1172759286637302e-06,9.387175623487565e-07,1.2537837434933863e-10
4.553862173110247,0.0,0.0,10.496525764465332,-5.168196182125939e-08,4.376932238869813e-08,-1.0891387791645002e-10
4.714228678494692,-0.0006185488309711218,-0.0012532047694548965,9.640681266784668,9.956381745723775e-07,4.376665572181082e-07,8.37056535196723e-11
4.875884581357241,-0.0012628689873963594,0.002493523759767413,9.694785118103027,5.361844159779139e-07,1.3389706055022543e-07,4.4465542359262145e-11
5.003099177032709,-0.0037757214158773422,0.004980604629963636,9.748483657836914,-9.142449926002882e-07,1.6098306332423817e-07,1.5617465654038654e-11
5.12885857000947,0.002538623521104455,-0.007487014401704073,9.738423347473145,-3.9351527902908856e-07,-2.3730873977001465e-07,-1.2631951040731337e-11
5.250729572027922,-0.0012499833246693015,-6.442823178076651e-06,9.77271556854248,-2.4393219177909486e-07,-2.1924584814314585e-07,-7.410333457968932e-11
5.374029871076345,-0.0012499833246693015,-6.442823178076651e-06,9.774158477783203,0.0,0.0,0.0
5.505211766809225,-0.002499966649338603,-1.2885646356153302e-05,9.8100004196167,0.0,0.0,0.0
5.637916769832373,0.0012757546501234174,-0.004993490409106016,9.8100004196167,0.0,0.0,0.0
5.7643670700490475,0.0012370976619422436,0.002506409538909793,9.8100004196167,0.0,0.0,0.0
5.889192972332239,1.2885646356153302e-05,-0.002499966649338603,9.8100004196167,0.0,0.0,0.0
6.0120979733765125,-0.002512852195650339,0.002487081103026867,9.8100004196167,0.0,0.0,0.0
6.138605166226625,0.0012370976619422436,0.002506409538909793,9.8100004196167,0.0,0.0,0.0
6.2685212679207325,-0.002525737974792719,0.004987047519534826,9.8100004196167,0.0,0.0,0.0
6.393002171069384,0.0,0.0,9.8100004196167,0.0,0.0,0.0
6.517833773046732,0.0012628689873963594,-0.002493523759767413,9.8100004196167,0.0,0.0,0.0
6.689441669732332,-0.0012564260978251696,0.0012435405515134335,9.8100004196167,0.0,0.0,0.0
6.849497366696596,-0.0006378773250617087,0.002496745204553008,9.8100004196167,0.0,0.0,0.0
6.981629867106676,-1.2885646356153302e-05,0.002499966649338603,9.8100004196167,0.0,0.0,0.0
7.105500567704439,0.002525737974792719,-0.004987047519534826,9.8100004196167,0.0,0.0,0.0
7.2295019663870335,0.002512852195650339,-0.002487081103026867,9.8100004196167,0.0,0.0,0.0
7.3590833730995655,0.0012499833246693015,6.442823178076651e-06,9.8100004196167,0.0,0.0,0.0
7.483453471213579,0.0012628689873963594,-0.002493523759767413,9.8100004196167,0.0,0.0,0.0
7.609346572309732,-0.002512852195650339,0.002487081103026867,9.8100004196167,0.0,0.0,0.0
7.733553368598223,-1.2885646356153302e-05,0.002499966649338603,9.8100004196167,0.0,0.0,0.0
7.86003926768899,-0.0012628689873963594,0.002493523759767413,9.8100004196167,0.0,0.0,0.0
7.99083586409688,-0.0012628689873963594,0.002493523759767413,9.8100004196167,0.0,0.0,0.0
8.11664505675435,-0.005038590170443058,0.0074741290882229805,9.8100004196167,0.0,0.0,0.0
8.241263661533594,0.0,0.0,9.8100004196167,0.0,0.0,0.0
8.367544565349817,0.002538623521104455,-0.007487014401704073,9.8100004196167,0.0,0.0,0.0
8.518651369959116,-6.442823178076651e-06,0.0012499833246693015,9.8100004196167,0.0,0.0,0.0
8.654199171811342,0.002512852195650339,-0.002487081103026867,9.8100004196167,0.0,0.0,0.0
8.781444568186998,0.0,0.0,9.8100004196167,0.0,0.0,0.0
8.909788567572832,0.0012370976619422436,0.002506409538909793,9.8100004196167,0.0,0.0,0.0
9.039265263825655,0.0,0.0,9.8100004196167,0.0,0.0,0.0
9.16877156868577,-0.0012757546501234174,0.004993490409106016,9.8100004196167,0.0,0.0,0.0
9.300723571330309,0.0,0.0,9.8100004196167,0.0,0.0,0.0
9.424525368958712,-0.002525737974792719,0.004987047519534826,9.8100004196167,0.0,0.0,0.0
9.548656966537237,-1.2885646356153302e-05,0.002499966649338603,9.8100004196167,0.0,0.0,0.0
9.682124074548483,0.0,0.0,9.8100004196167,0.0,0.0,0.0
9.815932776778936,-0.002519295085221529,0.0037370645441114902,9.8100004196167,0.0,0.0,0.0
9.946899976581335,1.2885646356153302e-05,-0.002499966649338603,9.8100004196167,0.0,0.0,0.0
10.07087517902255,-0.0012628689873963594,0.002493523759767413,9.8100004196167,0.0,0.0,0.0
10.19759738072753,-0.0012499833246693015,-6.442823178076651e-06,9.8100004196167,0.0,0.0,0.0
10.326233576983213,1.2885646356153302e-05,-0.002499966649338603,9.8100004196167,0.0,0.0,0.0
10.451062675565481,0.0012499833246693015,6.442823178076651e-06,9.8100004196167,0.0,0.0,0.0
10.574765380471945,-1.2885646356153302e-05,0.002499966649338603,9.8100004196167,0.0,0.0,0.0
10.69969217851758,-0.0012757546501234174,0.004993490409106016,9.8100004196167,0.0,0.0,0.0
10.824882585555315,-0.002512852195650339,0.002487081103026867,9.8100004196167,0.0,0.0,0.0
10.953208182007074,0.0,0.0,9.8100004196167,0.0,0.0,0.0
11.079040486365557,-0.0012370976619422436,-0.002506409538909793,9.8100004196167,0.0,0.0,0.0
11.203364688903093,-0.002512852195650339,0.002487081103026867,9.8100004196167,0.0,0.0,0.0
11.327978689223528,0.0012499833246693015,6.442823178076651e-06,9.8100004196167,0.0,0.0,0.0
11.453256387263536,-0.0012628689873963594,0.002493523759767413,9.8100004196167,0.0,0.0,0.0
11.582443494349718,-0.0012757546501234174,0.004993490409106016,9.8100004196167,0.0,0.0,0.0
11.709220189601183,0.0012628689873963594,-0.002493523759767413,9.8100004196167,0.0,0.0,0.0
11.832661587744951,-0.0012757546501234174,0.004993490409106016,9.8100004196167,0.0,0.0,0.0
11.960347879678011,0.0,0.0,9.8100004196167,0.0,0.0,0.0
12.090504173189402,-0.002525737974792719,0.004987047519534826,9.8100004196167,0.0,0.0,0.0
12.222621876746416,0.0012628689873963594,-0.002493523759767413,9.8100004196167,0.0,0.0,0.0
12.349731881171465,1.2885646356153302e-05,-0.002499966649338603,9.8100004196167,0.0,0.0,0.0
12.478364188224077,0.002525737974792719,-0.004987047519534826,9.8100004196167,0.0,0.0,0.0
12.611386198550463,0.002512852195650339,-0.002487081103026867,9.8100004196167,0.0,0.0,0.0
12.741001088172197,-0.0012499833246693015,-6.442823178076651e-06,9.8100004196167,0.0,0.0,0.0
12.86898698285222,0.0,0.0,9.8100004196167,0.0,0.0,0.0
12.998659584671259,0.0012628689873963594,-0.002493523759767413,9.8100004196167,0.0,0.0,0.0
13.129638183861971,-0.0012628689873963594,0.002493523759767413,9.8100004196167,0.0,0.0,0.0
13.258384186774492,-0.0012499833246693015,-6.442823178076651e-06,9.8100004196167,0.0,0.0,0.0
13.386911887675524,0.0012628689873963594,-0.002493523759767413,9.8100004196167,0.0,0.0,0.0
13.515607986599207,0.0012499833246693015,6.442823178076651e-06,9.8100004196167,0.0,0.0,0.0
13.650745082646608,-0.0012435405515134335,-0.0012564260978251696,9.8100004196167,0.0,0.0,0.0
13.787003386765718,0.0,0.0,9.8100004196167,0.0,0.0,0.0
13.918283883482218,0.002512852195650339,-0.002487081103026867,9.8100004196167,0.0,0.0,0.0
14.04612759128213,-0.005025704391300678,0.004974162206053734,9.8100004196167,0.0,0.0,0.0
14.173568282276392,-0.0012499833246693015,-6.442823178076651e-06,9.8100004196167,0.0,0.0,0.0
14.30200457945466,0.0012628689873963594,-0.002493523759767413,9.8100004196167,0.0,0.0,0.0
14.428191874176264,-0.002525737974792719,0.004987047519534826,9.8100004196167,0.0,0.0,0.0
14.553329173475504,0.0012499833246693015,6.442823178076651e-06,9.8100004196167,0.0,0.0,0.0
14.677579078823328,-0.0012757546501234174,0.004993490409106016,9.8100004196167,0.0,0.0,0.0
14.805109772831202,0.002499966649338603,1.2885646356153302e-05,9.8100004196167,0.0,0.0,0.0
14.939199972897768,0.0012628689873963594,-0.002493523759767413,9.8100004196167,0.0,0.0,0.0
15.06616647914052,-0.0012499833246693015,-6.442823178076651e-06,9.8100004196167,0.0,0.0,0.0
15.191589076071978,-1.2885646356153302e-05,0.002499966649338603,9.8100004196167,0.0,0.0,0.0
15.316452372819185,0.0012370976619422436,0.002506409538909793,9.8100004196167,0.0,0.0,0.0
15.446302268654108,0.0012628689873963594,-0.002493523759767413,9.8100004196167,0.0,0.0,0.0
15.568866569548845,-0.0012499833246693015,-6.442823178076651e-06,9.8100004196167,0.0,0.0,0.0
15.692944172769785,-0.002512852195650339,0.002487081103026867,9.8100004196167,0.0,0.0,0.0
15.817467469722033,0.0012499833246693015,6.442823178076651e-06,9.8100004196167,0.0,0.0,0.0
15.953436065465212,-0.0012564260978251696,0.0012435405515134335,9.801616668701172,1.9624634717274603e-07,4.213980275835638e-08,1.0927127258586466e-11
16.087805662304163,6.442823178076651e-06,-0.0012499833246693015,9.828743934631348,3.479313193111011e-07,8.419070240961446e-08,-6.941179575559175e-11
16.222803566604853,-0.0012564260978251696,0.0012435405515134335,9.808966636657715,5.021664719606633e-07,1.1358864782096134e-07,6.981300260111567e-11
16.35915106907487,-0.0012435405515134335,-0.0012564260978251696,9.806265830993652,6.777852377126692e-07,1.5805872521923447e-07,2.2265618168648693e-12
16.499267671257257,0.002506409538909793,-0.0012370976619422436,9.807241439819336,5.750388254455174e-07,1.3769127349405608e-07,2.6148059412145486e-11
16.637139979749918,0.0012628689873963594,-0.002493523759767413,9.808527946472168,5.086503733764403e-07,1.357304455495978e-07,4.314329102306225e-11
16.77469587698579,0.0012693117605522275,-0.0037435072008520365,9.809202194213867,7.495647764699243e-07,2.113604722353557e-07,2.144721206187583e-11
16.910821173340082,-0.0012693117605522275,0.0037435072008520365,9.809610366821289,-1.6026557148052234e-07,-1.6171590289104643e-07,5.675923619996581e-11
17.05142607167363,0.002506409538909793,-0.0012370976619422436,9.809809684753418,-3.95582731016475e-07,-1.3323348468929908e-07,-3.1190336424735676e-10
17.1899532712996,-0.0012693117605522275,0.0037435072008520365,9.80992603302002,5.220761636337556e-07,1.7902813453929411e-07,-9.028281594547494e-11
17.333367574959993,-0.002519295085221529,0.0037370645441114902,9.809931755065918,5.630340638163034e-07,1.654423726904497e-07,-4.21278290030358e-12
17.489487174898386,-6.442823178076651e-06,0.0012499833246693015,9.8100004196167,6.622087767027551e-07,1.7120471795806225e-07,-1.9499599851480198e-11
17.655038077384233,-0.0006378773250617087,0.002496745204553008,9.8100004196167,-2.315463945024021e-07,5.507349669642281e-07,1.0596694355324843e-10
17.791907373815775,1.2885646356153302e-05,-0.002499966649338603,9.8100004196167,-1.284919193267342e-07,-1.3344397586934065e-07,-1.1896766124314118e-13
17.924976382404566,0.09291568398475647,-0.00327315297909081,9.809240341186523,6.49533490104659e-07,-0.0041264998726546764,-3.233116149203852e-05
18.05702367797494,5.001959323883057,-0.0017487340373918414,9.788365364074707,-4.689509864874708e-07,-0.008082299493253231,-1.2671209333348088e-05
18.19154256954789,5.059728622436523,-0.00021365171414799988,9.812970161437988,-3.161586050737242e-07,-0.0012281560339033604,-1.4658737200079486e-05
18.324211467057467,3.124971866607666,0.0010609618620947003,9.81556510925293,-1.3873318494006526e-07,0.002414092654362321,-2.455304638715461e-06
18.46663485839963,0.5483875870704651,0.00278004864230752,9.812495231628418,6.879885177113465e-07,0.0026648954953998327,-9.652367225498892e-06
18.598211858421564,2.3664324283599854,-0.004074854776263237,9.80710506439209,-5.682640136228656e-09,0.001570694730617106,-7.47358899388928e-06
18.729141268879175,1.4514930248260498,0.007459270767867565,9.807280540466309,-5.311594009071996e-07,0.0008492566994391382,-7.639785508217756e-06
18.864058259874582,0.7608253955841064,0.005147869698703289,9.80864429473877,6.701026222799555e-08,0.0006057285936549306,-4.880329925072147e-06
18.99892306700349,1.1566189527511597,-0.019056014716625214,9.809195518493652,7.795919998443424e-08,0.0006086599896661937,-1.3922470998295466e-07
19.1255912669003,2.4322993755340576,0.007533514406532049,9.808618545532227,-9.98334485302621e-07,0.00027792018954642117,-3.609147142924485e-06
19.256523568183184,0.395728200674057,0.0045197997242212296,9.809499740600586,1.1977073199886945e-06,0.0004627288144547492,-3.068182650167728e-06
19.38632606342435,1.045084834098816,0.010376552119851112,9.810227394104004,1.0107459047503653e-07,0.00073188979877159,-1.0600489304124494e-06
19.51945136860013,0.05963251367211342,-0.007209761068224907,9.809770584106445,1.6993612916849088e-06,0.0002363653911743313,-5.091730599815492e-06
19.655295360833406,0.3621878921985626,-0.010647173039615154,9.808794021606445,1.7384157899869024e-06,-0.00016902966308407485,-5.618711384158814e-06
19.783199656754732,2.4935429096221924,0.005361795891076326,9.808841705322266,-7.237076715682633e-08,-0.00012051600788254291,-3.982032012572745e-06
19.913895953446627,0.29204651713371277,0.003991375677287579,9.810689926147461,2.4182025981644983e-07,0.0006678790086880326,-4.917255864711478e-06
20.044539261609316,0.376244455575943,-0.0005695138825103641,9.811112403869629,-1.094821527658496e-06,0.0007493099546991289,-4.702302703663008e-06
20.179762352257967,-0.6180617809295654,0.0005458879750221968,9.809516906738281,-4.498194527968735e-07,0.00041581474943086505,-4.789727881870931e-06
20.316720757633448,-0.04465622082352638,0.006010490003973246,9.809602737426758,-2.3842818563935e-07,0.00027739780489355326,-4.7736766646266915e-06
20.454425457865,0.10638263821601868,-0.0007076780311763287,9.809847831726074,3.691860115395684e-07,0.0002402144600637257,-5.657913334289333e-06
20.591421756893396,0.3136383593082428,0.0016147153219208121,9.809944152832031,-2.7065956942351477e-07,0.00023948993475642055,-5.603536465059733e-06
20.72904435172677,0.012157336808741093,5.79562401981093e-05,9.809995651245117,-2.3178984065452823e-08,0.0002372313174419105,-5.5205723583640065e-06
20.8655103482306,0.2931843400001526,0.0002621555177029222,9.809966087341309,-2.789587654206116e-07,0.00022142368834465742,-2.5599297259759624e-06
21.002625945955515,-0.0907563790678978,-0.0029720026068389416,9.809962272644043,-1.383071701610561e-08,0.00019223277922719717,-5.275437160889851e-06
21.13922244682908,0.0978238582611084,-0.001995998667553067,9.809935569763184,1.6853651629844535e-07,0.00015333968622144312,-4.342645752331009e-06
21.290027547627687,-2.3748481273651123,0.00021770458261016756,9.809954643249512,6.567341870322707e-07,0.00011116672249045223,-5.254441930446774e-06
21.44203205779195,-0.1905083954334259,-0.002236024709418416,9.80992603302002,9.229075317307434e-07,5.176819104235619e-05,-4.338755843491526e-06
21.588393855839968,0.8138374090194702,-0.0007911020657047629,9.809930801391602,-7.017889629423735e-07,2.9356509912759066e-05,-4.311423253966495e-06
21.733428347855806,0.18504664301872253,0.0009566847002133727,9.809983253479004,1.2426055207015452e-07,1.9265509763499722e-05,-4.306577011448098e-06
21.87265544012189,0.9675620198249817,4.546469426713884e-06,9.809974670410156,-2.81497506193773e-07,6.465280876000179e-06,-6.2113736021274235e-06
22.00509514287114,1.3013075590133667,0.0017310024704784155,9.809971809387207,8.310852308568428e-07,-3.837478288915008e-06,-4.3799695959023666e-06
22.136892545968294,0.11754754185676575,0.0006075138808228076,9.809986114501953,4.080284838892112e-07,-1.1636912859103177e-05,-6.242828931135591e-06
22.26855804398656,0.016298899427056313,8.37576953927055e-05,9.809988975524902,7.531850698683229e-09,-1.560732562211342e-05,-5.364952357922448e-06
22.40129503980279,-0.23121070861816406,0.0013034312287345529,9.80999755859375,1.1143889651066274e-06,-1.6088783013401553e-05,-5.354567292670254e-06
22.539292249828577,-1.0437191724777222,0.0008503996068611741,9.810006141662598,1.0912742709479062e-06,-1.4851628293399699e-05,-7.2795760388544295e-06
22.66972305253148,1.5212916135787964,0.005369006656110287,9.809995651245117,-9.012049417833623e-07,-1.2017069821013138e-05,-6.402539838745724e-06
22.800451952964067,-0.059988874942064285,0.007189223542809486,9.810005187988281,-1.8028413251158781e-07,-9.409682206751313e-06,-7.359494702541269e-06
22.93037875369191,0.17879672348499298,0.0009243540116585791,9.81000804901123,-6.938957426427805e-07,-5.646624231303576e-06,-6.452753041230608e-06
23.059685353189707,0.13879725337028503,0.0007174380007199943,9.810004234313965,1.7813661656873592e-07,-2.9053885555185843e-06,-8.350302778126206e-06
23.19783854857087,-1.8049848079681396,0.0019124604295939207,9.810013771057129,6.071338702895446e-07,-1.4659143516837503e-06,-9.390593731950503e-06
23.326683942228556,1.9188380241394043,-0.002574631944298744,9.809992790222168,2.4630040229567385e-07,2.9100851861585397e-07,-7.546781034761807e-06
23.45661023631692,-0.24496053159236908,0.001232303911820054,9.810006141662598,9.033205401465239e-07,1.3152239262126386e-06,-9.425826647202484e-06
23.588383231312037,-0.40120846033096313,0.000424038153141737,9.810004234313965,-2.550687128177742e-08,1.4747450904906145e-06,-9.513378245173953e-06
23.71999043598771,0.032535750418901443,0.002667783759534359,9.809998512268066,-1.2245119584974873e-08,1.4935950503058848e-06,-9.553306881571189e-06
23.84809174016118,0.778788685798645,0.004028094932436943,9.809998512268066,7.393409759970382e-07,1.3858920056009083e-06,-1.0555289009062108e-05
23.97813503816724,-0.44122084975242615,0.0027170886751264334,9.8100004196167,-3.1482704798690975e-07,1.1494283853608067e-06,-1.1590435860853177e-05
24.10962324216962,-0.3174724876880646,0.003357234876602888,9.810002326965332,9.350880070257972e-09,2.2642700514552416e-07,-1.0728449524322059e-05
24.243749041110277,-0.5486999750137329,-0.001588947605341673,9.810003280639648,5.148635295881832e-07,8.333414029948472e-07,-1.2670421710936353e-05
24.379948738962412,-0.40617606043815613,-0.005851742345839739,9.8100004196167,6.049589273970923e-07,8.750997437800834e-08,-1.0897761967498809e-05
24.520204234868288,-0.7512166500091553,0.0011134896194562316,9.810004234313965,1.2519926713139284e-06,1.4793333491525118e-07,-2.7391424737288617e-06
24.658098433166742,0.4275498390197754,0.0009611299028620124,9.809998512268066,1.31100748035351e-07,-2.924292346051516e-07,3.3044457268260885e-06
24.79543723538518,0.10380419343709946,-0.0007135967607609928,9.80999755859375,5.7972378897375165e-08,1.3371638374337635e-07,1.3326745829544961e-05
24.934894535690546,-0.3899456560611725,-0.002008674666285515,9.810004234313965,2.589562427601777e-06,-4.800324404641287e-07,0.00010765525803435594
25.079796437174082,-0.926220715045929,0.0015047797933220863,9.810009002685547,5.008340849599335e-06,8.340122548133877e-08,0.0002714968577492982
25.22407493367791,0.10256049036979675,-0.0019374983385205269,9.809988975524902,1.2706882444035728e-05,2.7823100268165035e-08,0.0006849057972431183
25.37015813961625,-0.28745976090431213,0.001129362965002656,9.810009002685547,7.535643362643896e-06,2.5057616426238383e-07,0.0010032359277829528
25.541486743837595,-3.095630168914795,0.003972563426941633,9.810019493103027,2.4731038138270378e-05,-1.3905595608321164e-07,0.0019323107553645968
25.702480051666498,1.0987694263458252,0.008967343717813492,9.809988021850586,-3.826150350505486e-05,2.1213969603195437e-07,0.0010094854515045881
25.835440549999475,4.342540264129639,0.011621536687016487,9.809983253479004,9.256772318622097e-05,-1.7514091155135247e-07,0.003989046905189753
25.96822464838624,0.03499782085418701,0.012789015658199787,9.809998512268066,-6.505625788122416e-05,-8.950132013296752e-08,0.002395689021795988
26.102990750223398,-0.4037168622016907,0.0036517768166959286,9.810002326965332,1.9752171283471398e-05,-1.1320044990270617e-07,0.0033298605121672153
26.2363699413836,0.2799643576145172,0.026182472705841064,9.810002326965332,3.697560168802738e-05,5.855344653582506e-08,0.004646793007850647
26.367946345359087,0.37747982144355774,0.026385687291622162,9.809990882873535,4.891971912002191e-05,7.101715482349391e-08,0.006486902479082346
26.498564649373293,0.20748208463191986,0.03587576374411583,9.809999465942383,4.762216849485412e-05,6.1483086710723e-07,0.00852328073233366
26.63023504987359,-0.2237330973148346,0.03791861608624458,9.809999465942383,4.94809755764436e-05,1.0109229151566979e-06,0.010897103697061539
26.763207245618105,-0.27242976427078247,0.04837862029671669,9.809998512268066,5.148578202351928e-05,1.3061506933809142e-06,0.013585573993623257
26.888749737292528,1.676438570022583,0.06749135255813599,9.80998420715332,5.565946048591286e-05,1.6594636917943717e-06,0.016572915017604828
27.01956843212247,-1.2209131717681885,0.0759415328502655,9.81000804901123,6.349726027110592e-05,2.8653123536059866e-06,0.019967807456851006
27.153235528618097,-0.5982368588447571,0.07749886810779572,9.809980392456055,5.558278280659579e-05,2.988310143337003e-06,0.02335207164287567
27.28890422359109,-0.4079102873802185,0.09255176782608032,9.80999755859375,5.403153772931546e-05,3.719789447131916e-06,0.02681669220328331
27.419680420309305,1.0113071203231812,0.1021699458360672,9.809976577758789,4.935604738420807e-05,6.00049179411144e-06,0.03024437092244625
27.550270322710276,0.04181840270757675,0.1186436116695404,9.809979438781738,4.247445031069219e-05,6.196285085025011e-06,0.033541880548000336
27.675547618418932,1.2401845455169678,0.1312379091978073,9.809983253479004,3.679976362036541e-05,7.531604296673322e-06,0.03667297214269638
27.808855313807726,-1.817847728729248,0.11564148217439651,9.809964179992676,2.8118791306042112e-05,7.978059329616372e-06,0.03954349830746651
27.940563309937716,0.3384358286857605,0.16832873225212097,9.809971809387207,0.0002101851860061288,1.3083248632028699e-05,0.04785360023379326
28.074666906148195,-0.49832481145858765,0.139650359749794,9.809953689575195,-0.00011580646241782233,1.0579381523712073e-05,0.04694950953125954
28.207028303295374,0.3646484613418579,0.12151987850666046,9.809986114501953,-0.00011628862557699904,9.43569921219023e-06,0.04578113928437233
28.337992195039988,0.29212796688079834,0.13782857358455658,9.809954643249512,-1.2518773473857436e-05,1.0427938832435757e-05,0.0465669184923172
28.470617402344942,-0.3507797420024872,0.12848395109176636,9.809979438781738,1.3088065315969288e-06,1.1840509614557959e-05,0.04730358347296715
28.6108537055552,-1.4581025838851929,0.12508003413677216,9.809977531433105,1.0881814887397923e-05,1.1684338460327126e-05,0.048145540058612823
28.747463408857584,0.6704057455062866,0.12528525292873383,9.809962272644043,-1.2622393114725128e-05,1.1743002687580884e-05,0.0482514426112175
28.880182404071093,0.7725522518157959,0.14469866454601288,9.809972763061523,1.3284301530802622e-05,1.1997293768217787e-05,0.04905427619814873
29.01613000407815,-0.6490906476974487,0.1324654221534729,9.809967994689941,-8.334327503689565e-06,1.1910980902030133e-05,0.04916304349899292
29.148600701242685,0.701416552066803,0.13968238234519958,9.809966087341309,-1.3699444025405683e-05,1.1974392691627145e-05,0.04904686287045479
29.285191003233194,-0.8282870650291443,0.12221208214759827,9.809972763061523,-3.1238767405739054e-05,1.1553202057257295e-05,0.0483088456094265
29.41796911135316,0.7581304311752319,0.1359144151210785,9.809967994689941,-1.7511798432678916e-05,1.0548352292971686e-05,0.04776770994067192
29.556802708655596,-1.1774839162826538,0.11079559475183487,9.809978485107422,-1.416968007106334e-05,1.0230518455500714e-05,0.04719681292772293
29.706381607800722,-1.748556137084961,0.09587105363607407,9.8099946975708,-1.3524608220905066e-05,9.893035894492641e-06,0.04654110223054886
29.844857413321733,1.8153367042541504,0.12000375241041183,9.809964179992676,-1.3194052371545695e-05,9.895849871099927e-06,0.04583487659692764
29.979505706578493,0.7313745021820068,0.11955369263887405,9.809969902038574,-1.2013509149255697e-05,9.232757292920724e-06,0.04509970173239708
30.111379612237215,0.5711037516593933,0.12907567620277405,9.809982299804688,-2.53196540143108e-05,9.000841600936837e-06,0.04393323138356209
30.24473901465535,-0.31107234954833984,0.11336195468902588,9.809964179992676,-1.0553200809226837e-05,8.41204291646136e-06,0.04312806949019432
30.380278918892145,-0.44159621000289917,0.11295278370380402,9.809988021850586,-5.438304924609838e-06,8.063778295763768e-06,0.042397674173116684
30.515744511038065,0.010838516987860203,0.09484640508890152,9.809980392456055,-0.00010519213537918404,6.5734184317989275e-06,0.038684334605932236
30.646503005176783,0.9700348973274231,0.12219244241714478,9.809981346130371,0.00010350457159802318,8.102600986603647e-06,0.040931276977062225
30.777902204543352,-0.13307219743728638,0.1065574660897255,9.809974670410156,1.0837590707524214e-05,7.636231202923227e-06,0.04062126949429512
30.905515898019075,0.8463519811630249,0.1252766251564026,9.809979438781738,-1.8636761524248868e-05,7.457136234734207e-06,0.039795249700546265
31.037890199571848,-1.0554002523422241,0.10594511777162552,9.809974670410156,-1.094075651053572e-05,7.455218565155519e-06,0.03921930119395256
31.16728100553155,0.6475489735603333,0.11550764739513397,9.809981346130371,-8.978330697573256e-06,8.443788829026744e-06,0.03866279497742653
31.294302705675364,0.5472117066383362,0.11448808759450912,9.80998706817627,-6.914304776728386e-06,6.32763067187625e-06,0.03811093047261238
31.43088449910283,-2.0400424003601074,0.09432593733072281,9.809983253479004,-5.435234015749302e-06,6.1151017689553555e-06,0.037611205130815506
31.560347605496645,1.4732097387313843,0.09523427486419678,9.809986114501953,-9.653523738961667e-05,4.790356797457207e-06,0.034362711012363434
31.692200902849436,-0.5252102017402649,0.10629363358020782,9.809979438781738,9.185317321680486e-05,5.314107966114534e-06,0.036443181335926056
31.821826804429293,0.4843391180038452,0.09872080385684967,9.809989929199219,-3.167109389323741e-05,4.81719780509593e-06,0.034954220056533813
31.952211011201143,-0.1660105288028717,0.1038249135017395,9.809967994689941,1.022819742502179e-05,5.975191470497521e-06,0.03498439863324165
32.08785140886903,-1.0911860466003418,0.09736058115959167,9.809998512268066,4.6607758122263476e-05,6.562804628629237e-06,0.036085344851017
32.22563611343503,-0.40857040882110596,0.08186858147382736,9.809991836547852,-6.546511576743796e-05,5.082441020931583e-06,0.03405780345201492
32.3607850112021,0.502532422542572,0.10177146643400192,9.809976577758789,5.7131710491376e-05,6.765701073163655e-06,0.03562278300523758
32.49582891538739,0.022006258368492126,0.09936077147722244,9.80998706817627,1.7343126046398538e-06,6.037710136297392e-06,0.03557673841714859
32.63134152069688,-0.09597375243902206,0.08325443416833878,9.809976577758789,-4.921566869597882e-05,6.868920081615215e-06,0.03419731184840202
32.77073362842202,-0.7298515439033508,0.08842897415161133,9.810007095336914,1.0959995051962323e-05,4.920361789118033e-06,0.034411609172821045
32.90435152128339,1.1070787906646729,0.10605800151824951,9.809964179992676,3.347997335367836e-05,6.487711743830005e-06,0.035232771188020706
33.03548342362046,0.5226253271102905,0.08949794620275497,9.809985160827637,-5.106926982989535e-05,4.826424174098065e-06,0.033668648451566696
33.17689961567521,-1.9802830219268799,0.08004741370677948,9.8100004196167,4.445950980880298e-05,6.951425348233897e-06,0.034896187484264374
33.328381318598986,-1.5641363859176636,0.0711498111486435,9.810004234313965,4.233357685734518e-06,5.527015673578717e-06,0.0349295549094677
33.47189161553979,1.2113906145095825,0.08311474323272705,9.809969902038574,-3.5371955164009705e-05,5.223897460382432e-06,0.03395968675613403
33.61172992363572,0.6289719343185425,0.0917433425784111,9.809988975524902,2.9696770070586354e-05,5.551516551349778e-06,0.03478367254137993
33.7509649284184,0.10829789936542511,0.08147981017827988,9.809983253479004,-2.7175574359716848e-05,4.867506049777148e-06,0.033906757831573486
33.89069892838597,-0.09120608121156693,0.08442805707454681,9.80998706817627,-4.43447152065346e-06,5.48459320270922e-06,0.03367602825164795
34.022274527698755,1.5945298671722412,0.10310262441635132,9.809962272644043,3.096741420449689e-05,5.511591098183999e-06,0.034463346004486084
34.153974417597055,-0.029855910688638687,0.10009889304637909,9.810012817382812,-1.923624768096488e-05,4.690669811679982e-06,0.033866532146930695
34.288458827883005,-0.5771182775497437,0.09483711421489716,9.809966087341309,1.8941464077215642e-05,5.464949936140329e-06,0.03440659120678902
34.4213668294251,0.3233315348625183,0.09607892483472824,9.809991836547852,3.812340878539544e-07,5.9263070397719275e-06,0.03440028056502342
34.55833723023534,-0.806052565574646,0.08670112490653992,9.809982299804688,-2.292841145390412e-06,5.567969765252201e-06,0.03437764197587967
34.68884152546525,1.3190665245056152,0.09841051697731018,9.809988021850586,-6.321097771433415e-06,5.056048848928185e-06,0.03425305336713791
34.820617724210024,-0.27373167872428894,0.09892651438713074,9.809974670410156,-1.8934116496893694e-06,4.973853720002808e-06,0.03420506417751312
34.953663025051355,-0.26638826727867126,0.09691482037305832,9.809990882873535,-3.690604444273049e-08,5.652240815834375e-06,0.03418129310011864
35.08494182303548,0.37094762921333313,0.09484843909740448,9.809989929199219,-1.3922846164859948e-06,5.9207877711742185e-06,0.03413565829396248
35.22435902431607,-1.5989761352539062,0.07719177007675171,9.809996604919434,5.648334422403423e-07,5.2176378630974796e-06,0.03412582352757454
35.35710382834077,1.291378140449524,0.09856463968753815,9.809977531433105,-1.5657609765185043e-05,4.918018476018915e-06,0.03361425921320915
35.48925373330712,0.12268569320440292,0.09962773323059082,9.809978485107422,1.836131195886992e-05,5.870911081728991e-06,0.03408483788371086
35.621319729834795,0.01566603220999241,0.09307999908924103,9.809974670410156,4.303387413528981e-06,5.598721600108547e-06,0.03414971008896828
35.75265862420201,0.1512686014175415,0.10188772529363632,9.810003280639648,-1.0025588380813133e-05,6.028380994393956e-06,0.033860236406326294
35.88786232843995,-0.7974548935890198,0.09465885162353516,9.80997371673584,1.3484932424034923e-05,4.3837626435561106e-06,0.03422751650214195
36.020188827067614,0.5836960077285767,0.09977521002292633,9.80998706817627,-7.354938134085387e-06,6.2057943068793975e-06,0.034030526876449585
36.15116782858968,0.2881227731704712,0.0999460220336914,9.809991836547852,3.6445240425564407e-07,5.894180958421202e-06,0.034065309911966324
36.28623092547059,-0.8470062613487244,0.09334687888622284,9.809972763061523,1.4196562915458344e-05,5.3012608987046406e-06,0.034477949142456055
36.42468002811074,-0.6431358456611633,0.08655287325382233,9.809993743896484,2.601821961434325e-06,5.8133323364018e-06,0.03461116552352905
36.56712992861867,-0.7049563527107239,0.080274298787117,9.809996604919434,-1.7267910834561917e-07,5.581516688835109e-06,0.03469136357307434
36.71848403289914,-1.3672622442245483,0.06987903267145157,9.810005187988281,-1.1592541341087781e-05,5.495612640515901e-06,0.034434929490089417
36.87376483157277,-0.5306841731071472,0.06497540324926376,9.809974670410156,1.3788542673864868e-05,5.987515123706544e-06,0.03488931804895401
37.02292062714696,0.8431000113487244,0.08343813568353653,9.809988021850586,1.5590112525387667e-06,5.790804152638884e-06,0.035007085651159286
37.16708782687783,0.7705839276313782,0.08118114620447159,9.80998420715332,-4.215093554194027e-07,5.9423564380267635e-06,0.03508481755852699
37.31017032638192,0.18322999775409698,0.07720643281936646,9.809993743896484,-1.2782475096173584e-05,5.843570761498995e-06,0.03476601839065552
37.45800932124257,-0.7530112862586975,0.08139975368976593,9.809983253479004,2.9730490496149287e-06,5.920217972743558e-06,0.03489277511835098
37.60134682431817,0.7086024284362793,0.08586746454238892,9.80998420715332,8.349057338818966e-07,5.6057297115330584e-06,0.03491988405585289
37.74172781780362,0.5043451189994812,0.0907866507768631,9.80997085571289,1.5428560800501145e-05,6.0919833231309894e-06,0.03534580394625664
37.883776027709246,-0.29120951890945435,0.09218457341194153,9.810006141662598,-6.966744194869534e-07,5.770059033238795e-06,0.035386212170124054
38.01790452376008,1.4661856889724731,0.10192661732435226,9.80996036529541,-2.969066827063216e-06,6.435876457544509e-06,0.035362374037504196
38.154906425625086,-0.5624949336051941,0.09007377177476883,9.809996604919434,-1.7791562640923075e-05,6.185728125274181e-06,0.03486764803528786
38.287959922105074,0.7793631553649902,0.10462255030870438,9.809971809387207,4.6712925723113585e-06,5.67560482522822e-06,0.03496023640036583
38.42281751707196,-0.36541441082954407,0.09885038435459137,9.809979438781738,1.4507665582641494e-05,6.26789824309526e-06,0.03532549738883972
38.55892891064286,-0.24728897213935852,0.08969787508249283,9.8100004196167,-1.0387534530309495e-05,5.491211140906671e-06,0.03497586399316788
38.69243210926652,0.5199042558670044,0.09487605839967728,9.809977531433105,1.3248402865428943e-05,6.44953252049163e-06,0.03534967079758644
38.821879509836435,0.867827296257019,0.10875371098518372,9.809971809387207,-2.216258963017026e-07,6.381049843184883e-06,0.03535903990268707
38.95487870648503,-0.7637662887573242,0.0956607311964035,9.809988021850586,-2.5776121219678316e-06,5.987942586216377e-06,0.03533928468823433
39.089370507746935,-0.3029465973377228,0.09327587485313416,9.809992790222168,-1.636730189602531e-06,6.336231763270916e-06,0.0353194959461689
39.221115712076426,0.5645236372947693,0.10132568329572678,9.80997371673584,-1.6607746147201397e-06,5.586798579315655e-06,0.035294968634843826
39.35376571491361,-0.18944315612316132,0.10277177393436432,9.809988975524902,-4.818525667360518e-07,5.113922270538751e-06,0.0353049710392952
39.4896573163569,-0.6520275473594666,0.09170996397733688,9.809985160827637,-7.402751407425967e-07,5.822003913635854e-06,0.03527393937110901
39.62722450867295,-0.3207518458366394,0.09256422519683838,9.809983253479004,-1.7110913859141874e-06,5.866197170689702e-06,0.03523613139986992
39.759622398763895,1.0245016813278198,0.1007748544216156,9.809992790222168,-6.006038120176527e-07,6.3344023146783e-06,0.035216789692640305
39.890738401561975,0.2738761007785797,0.10202336311340332,9.80997371673584,1.4175332125887508e-06,6.7267937993165106e-06,0.03518462926149368
40.01966239884496,0.48725780844688416,0.10598719120025635,9.809969902038574,-4.0464669837092515e-07,5.683458311978029e-06,0.03516396880149841
40.153626803308725,-1.085947036743164,0.09443295747041702,9.810009002685547,3.831023036582337e-07,6.006302101013716e-06,0.03517792001366615
40.28267640247941,1.0562444925308228,0.10272668302059174,9.809964179992676,-9.476934792473912e-07,5.988506018184125e-06,0.03516632318496704
40.41580629721284,-0.8860620260238647,0.09668659418821335,9.8100004196167,-1.344644078926649e-05,5.474649697134737e-06,0.034759651869535446
40.54857498779893,0.07478390634059906,0.10251438617706299,9.809976577758789,1.4936113984731492e-05,5.896101811231347e-06,0.03515235334634781
40.68971988931298,-1.5912184715270996,0.07739308476448059,9.809996604919434,-1.0302646842319518e-05,6.053275228623534e-06,0.0347912423312664
40.82774529233575,0.560361921787262,0.09138572961091995,9.80997085571289,1.484033782617189e-05,6.073456916055875e-06,0.03518201410770416
40.96903878822923,-0.5874211192131042,0.08676821738481522,9.810011863708496,3.2408920560556e-06,6.2868139139027335e-06,0.03528362512588501
41.114979181438684,-0.7636149525642395,0.0802702009677887,9.809978485107422,-6.484613095381064e-07,6.020117325533647e-06,0.03530623018741608
41.26265627518296,-0.26659953594207764,0.07980366796255112,9.8099946975708,-1.3120761650498025e-05,5.88308375881752e-06,0.03489658981561661
41.41126527264714,-0.14190290868282318,0.08009941875934601,9.80998706817627,1.5179789443209302e-06,5.5853506637504324e-06,0.0349319763481617
41.579911667853594,-2.455646514892578,0.05545496195554733,9.809991836547852,1.6741394574637525e-05,6.218961971171666e-06,0.03533586114645004
41.736084658652544,1.4213709831237793,0.0766628086566925,9.809988975524902,2.716903054533759e-06,5.6763510656310245e-06,0.03544247895479202
41.87924816086888,1.893383502960205,0.08586587011814117,9.809986114501953,-3.3654232538538054e-06,5.967911420157179e-06,0.03540325537323952
42.01482296362519,1.367210030555725,0.09452436119318008,9.80996036529541,-1.916669134516269e-05,6.000256689731032e-06,0.03488173708319664
42.14993146434426,0.08993123471736908,0.09731920808553696,9.809991836547852,1.4620720321545377e-05,6.037748335074866e-06,0.035282034426927567
42.28397545590997,0.215535968542099,0.09881743788719177,9.809981346130371,-7.488863502658205e-07,6.703151939291274e-06,0.03528611361980438
42.42268395796418,-0.8972273468971252,0.09025802463293076,9.809985160827637,-5.086922101327218e-07,5.884437541681109e-06,0.03525134176015854
42.55991876497865,0.2712579667568207,0.09157916158437729,9.809986114501953,-1.1658407856884878e-05,6.281381047301693e-06,0.034883420914411545
42.6949364580214,0.42800047993659973,0.09614268690347672,9.809998512268066,1.2551087820611428e-05,5.99914255872136e-06,0.0352337472140789
42.82881535962224,0.23207227885723114,0.09290393441915512,9.809971809387207,1.0233918601443293e-07,5.632226930174511e-06,0.03521578386425972
42.96521196141839,-0.5002595782279968,0.0938507467508316,9.809980392456055,-1.4768045275559416e-06,5.613253506453475e-06,0.03518868237733841
43.105212066322565,-0.6630610227584839,0.08935251832008362,9.810001373291016,-1.2844062666772516e-06,5.95905248701456e-06,0.03514592722058296
43.24021776393056,0.9323493838310242,0.09793026000261307,9.809967994689941,-1.1198809488632833e-06,5.958142537565436e-06,0.03511245548725128
43.37155266478658,0.7564223408699036,0.10274197161197662,9.809988021850586,1.908418653329136e-06,6.2595458985015284e-06,0.035163260996341705
43.505765561014414,-0.6001496315002441,0.10392126441001892,9.809972763061523,-6.058550070520141e-07,6.224876415217295e-06,0.035127416253089905
43.642150957137346,-0.4296666383743286,0.08992766588926315,9.810003280639648,-1.3138326266926015e-06,5.89304590903339e-06,0.03508802503347397
43.777594555169344,0.18047037720680237,0.10243596136569977,9.809969902038574,-9.57973725235206e-07,5.885926384507911e-06,0.03503825515508652
43.909706462174654,0.6772439479827881,0.0985344648361206,9.809989929199219,1.3502606179827126e-06,5.875386705156416e-06,0.03501690924167633
44.04281525686383,-0.20958064496517181,0.10227582603693008,9.809969902038574,3.7408078696898883e-06,5.981498361506965e-06,0.03509475663304329
44.177344251424074,-0.2914285957813263,0.09546896070241928,9.809998512268066,9.92483592199278e-07,5.914738721912727e-06,0.03507252410054207
44.319466043263674,-1.4002891778945923,0.08577583730220795,9.809988021850586,-8.02425347501412e-07,5.878853698959574e-06,0.035075072199106216
44.46313774958253,-0.25854358077049255,0.0781375989317894,9.80998706817627,-1.2049676115566399e-05,5.420805791800376e-06,0.03472337871789932
44.60990344360471,-0.4903217554092407,0.0767098069190979,9.810004234313965,1.207794775837101e-05,5.826215328852413e-06,0.03507218137383461
44.765729147940874,-1.2763231992721558,0.06868550181388855,9.809976577758789,2.437353032291867e-06,6.234969987417571e-06,0.03513019531965256
44.929342452436686,-0.9318944215774536,0.06148882955312729,9.810005187988281,3.655275349956355e-06,5.999427230563015e-06,0.035241033881902695
45.09043164923787,0.28736671805381775,0.06564530730247498,9.809995651245117,-1.0311362075299257e-07,6.044977908459259e-06,0.035262491554021835
45.23974995687604,1.5368893146514893,0.08328449726104736,9.809969902038574,-1.1606450698309345e-06,5.717191925214138e-06,0.035266607999801636
45.391763154417276,-0.3857361376285553,0.07646075636148453,9.809983253479004,-1.4131373973214068e-05,5.602874352916842e-06,0.03488584980368614
45.53964555636048,0.5967748165130615,0.07807295024394989,9.809992790222168,1.485475331719499e-05,6.00389284954872e-06,0.03524181246757507
45.68811086192727,-0.08892686665058136,0.07333958148956299,9.809986114501953,-6.417729309760034e-06,5.654003416566411e-06,0.03502628952264786
